Place:,Player:,Name1:,Name:,Origin:,char1,char2,char3,char4,char5,Characters:,Event:,Tournament:,Qualifier,Sponser:,Country,Origin,Lat,Long,Tournament,Tournaments
1st,"<a href=""https://www.ssbwiki.com/Smasher:Sparg0"">Sparg0</a>","<a href=""https://www.ssbwiki.com/Smasher:Sparg0"">https://www.ssbwiki.com/Smasher:Sparg0</a>",Sparg0,"Tijuana, Mexico",Cloud,Unknown,Unknown,Unknown,Unknown,"<img src=""https://ssb.wiki.gallery/images/thumb/3/3b/CloudHeadSSBU.png/32px-CloudHeadSSBU.png"" alt=""Cloud"" height=""15"" />",Super Smash Bros. Ultimate singles, Mexico - Singles,Yes,Unknown,Mexico,Tijuana,32.525,-117.0333, Mexico , Mexico 
2nd,"<a href=""https://www.ssbwiki.com/Smasher:MkLeo"">MkLeo</a>","<a href=""https://www.ssbwiki.com/Smasher:MkLeo"">https://www.ssbwiki.com/Smasher:MkLeo</a>",MkLeo,"Mexico City, Mexico",Mythra,Pyra,Byleth,Unknown,Unknown,"<img src=""https://ssb.wiki.gallery/images/3/32/MythraHeadSSBU.png"" alt="""" height=""15"" /><img src=""https://ssb.wiki.gallery/images/7/79/PyraHeadSSBU.png"" alt=""Pyra"" height=""15"" /><img src=""https://ssb.wiki.gallery/images/a/a2/BylethHeadSSBU.png"" alt="""" width=""15"" height=""15"" />",Super Smash Bros. Ultimate singles, Mexico - Singles,Yes,T1,Mexico,Mexico City,19.432608,-99.133209, Mexico , Mexico 
3rd,"<a href=""https://www.ssbwiki.com/Smasher:Maister"">Maister</a>","<a href=""https://www.ssbwiki.com/Smasher:Maister"">https://www.ssbwiki.com/Smasher:Maister</a>",Maister,"Atizapán de Zaragoza, Mexico",Mr. Game & Watch,Unknown,Unknown,Unknown,Unknown,"<img src=""https://ssb.wiki.gallery/images/6/6b/MrGame%26WatchHeadSSBU.png"" alt="""" height=""15"" />",Super Smash Bros. Ultimate singles, Mexico - Singles,Yes,Spacestation Gaming,Mexico,Atizapán de Zaragoza,19.5611,-99.2469, Mexico , Mexico 
4th,"<a href=""https://www.ssbwiki.com/Smasher:Chag"">Chag</a>","<a href=""https://www.ssbwiki.com/Smasher:Chag"">https://www.ssbwiki.com/Smasher:Chag</a>",Chag,"Mexico City, Mexico",Palutena,Unknown,Unknown,Unknown,Unknown,"<img src=""https://ssb.wiki.gallery/images/a/a9/PalutenaHeadSSBU.png"" alt="""" height=""15"" />",Super Smash Bros. Ultimate singles, Mexico - Singles,Yes,Unknown,Mexico,Mexico City,19.432608,-99.133209, Mexico , Mexico 
5th,"<a href=""https://www.ssbwiki.com/Smasher:Nair%5E"">Nair^</a>","<a href=""https://www.ssbwiki.com/Smasher:Nair%5E"">https://www.ssbwiki.com/Smasher:Nair%5E</a>",Nair^,"Mexico City, Mexico",Cloud,Ridley,Hero,Dark Samus,Unknown,"<img src=""https://ssb.wiki.gallery/images/thumb/3/3b/CloudHeadSSBU.png/32px-CloudHeadSSBU.png"" alt=""Cloud"" height=""15"" /><img src=""https://ssb.wiki.gallery/images/5/5b/RidleyHeadSSBU.png"" alt="""" height=""15"" /><img src=""https://ssb.wiki.gallery/images/3/3d/HeroHeadSSBU.png"" alt="""" height=""15"" /><img src=""https://ssb.wiki.gallery/images/9/96/DarkSamusHeadSSBU.png"" alt="""" height=""15"" />",Super Smash Bros. Ultimate singles, Mexico - Singles,Yes,Unknown,Mexico,Mexico City,19.432608,-99.133209, Mexico , Mexico 
6th,"<a href=""https://www.ssbwiki.com/Smasher:AlanDiss"">AlanDiss</a>","<a href=""https://www.ssbwiki.com/Smasher:AlanDiss"">https://www.ssbwiki.com/Smasher:AlanDiss</a>",AlanDiss,"Tijuana, Mexico",Snake,Unknown,Unknown,Unknown,Unknown,"<img src=""https://ssb.wiki.gallery/images/9/9a/SnakeHeadSSBU.png"" alt="""" height=""15"" />",Super Smash Bros. Ultimate singles, Mexico - Singles,Yes,Unknown,Mexico,Tijuana,32.525,-117.0333, Mexico , Mexico 
1st,"<a href=""https://www.ssbwiki.com/Smasher:Andrik"">Andrik</a>","<a href=""https://www.ssbwiki.com/Smasher:Andrik"">https://www.ssbwiki.com/Smasher:Andrik</a>",Andrik,"Mexicali, Mexico",Captain Falcon,Unknown,Unknown,Unknown,Unknown,"<img src=""https://ssb.wiki.gallery/images/3/35/CaptainFalconHeadSSBU.png"" alt="""" height=""15"" />",Super Smash Bros. Ultimate Last Chance Qualifier, Mexico - Last Chance,Yes,Unknown,Mexico,Mexicali,32.6412,-115.4756, Mexico , Mexico 
2nd,"<a href=""https://www.ssbwiki.com/Smasher:Cloudy"">Cloudy</a>","<a href=""https://www.ssbwiki.com/Smasher:Cloudy"">https://www.ssbwiki.com/Smasher:Cloudy</a>",Cloudy,"Mexico City, Mexico",Mythra,Pyra,Unknown,Unknown,Unknown,"<img src=""https://ssb.wiki.gallery/images/3/32/MythraHeadSSBU.png"" alt="""" height=""15"" /><img src=""https://ssb.wiki.gallery/images/7/79/PyraHeadSSBU.png"" alt=""Pyra"" height=""15"" />",Super Smash Bros. Ultimate Last Chance Qualifier, Mexico - Last Chance,Yes,Smash Factor,Mexico,Mexico City,19.432608,-99.133209, Mexico , Mexico 
1st,"<a href=""https://www.ssbwiki.com/Smasher:Kinaji"">Kinaji</a>","<a href=""https://www.ssbwiki.com/Smasher:Kinaji"">https://www.ssbwiki.com/Smasher:Kinaji</a>",Kinaji,"Canberra, Australia",Snake,Mythra,Pyra,Unknown,Unknown,"<img src=""https://ssb.wiki.gallery/images/9/9a/SnakeHeadSSBU.png"" alt="""" height=""15"" /><img src=""https://ssb.wiki.gallery/images/3/32/MythraHeadSSBU.png"" alt="""" height=""15"" /><img src=""https://ssb.wiki.gallery/images/7/79/PyraHeadSSBU.png"" alt=""Pyra"" height=""15"" />",Super Smash Bros. Ultimate singles, Oceania - Singles,Yes,Geniune Gaming,Australia,Canberra,-35.3075,149.1244, Oceania , Oceania 
2nd,"<a href=""https://www.ssbwiki.com/Smasher:RaZe"">RaZe</a>","<a href=""https://www.ssbwiki.com/Smasher:RaZe"">https://www.ssbwiki.com/Smasher:RaZe</a>",RaZe,"Melbourne, Australia",Dark Pit,Pit,Link,Unknown,Unknown,"<img src=""https://ssb.wiki.gallery/images/e/ed/DarkPitHeadSSBU.png"" alt="""" height=""15"" /><img src=""https://ssb.wiki.gallery/images/a/aa/PitHeadSSBU.png"" alt="""" height=""15"" /><img src=""https://ssb.wiki.gallery/images/a/aa/LinkHeadSSBU.png"" alt="""" height=""15"" />",Super Smash Bros. Ultimate singles, Oceania - Singles,Yes,FURY,Australia,Melbourne,-37.8136,144.9631, Oceania , Oceania 
3rd,"<a href=""https://www.ssbwiki.com/Smasher:Ichigo"">Ichigo</a>","<a href=""https://www.ssbwiki.com/Smasher:Ichigo"">https://www.ssbwiki.com/Smasher:Ichigo</a>",Ichigo,"Auckland, New Zealand",Dark Pit,Unknown,Unknown,Unknown,Unknown,"<img src=""https://ssb.wiki.gallery/images/e/ed/DarkPitHeadSSBU.png"" alt="""" height=""15"" />",Super Smash Bros. Ultimate singles, Oceania - Singles,Yes,Unknown,New Zealand,Auckland,-36.8473,174.7628, Oceania , Oceania 
4th,"<a href=""https://www.ssbwiki.com/Smasher:Fryd_Ryce"">Fryd Ryce</a>","<a href=""https://www.ssbwiki.com/Smasher:Fryd_Ryce"">https://www.ssbwiki.com/Smasher:Fryd_Ryce</a>",Fryd Ryce,Western Australia,Pikachu,Unknown,Unknown,Unknown,Unknown,"<img src=""https://ssb.wiki.gallery/images/f/fa/PikachuHeadSSBU.png"" alt="""" height=""15"" />",Super Smash Bros. Ultimate singles, Oceania - Singles,Yes,Unknown,Australia,Western Australia,-27.672817,121.628311, Oceania , Oceania 
5th,"<a href=""https://www.ssbwiki.com/Smasher:SebPro101"">SebPro101</a>","<a href=""https://www.ssbwiki.com/Smasher:SebPro101"">https://www.ssbwiki.com/Smasher:SebPro101</a>",SebPro101,"Victoria, Australia",R.O.B,Unknown,Unknown,Unknown,Unknown,"<img src=""https://ssb.wiki.gallery/images/b/b3/ROBHeadSSBU.png"" alt="""" height=""15"" />",Super Smash Bros. Ultimate singles, Oceania - Singles,Yes,Ground Zero Gaming,Australia,Victoria,-37.472569,144.556719, Oceania , Oceania 
6th,"<a href=""https://www.ssbwiki.com/Smasher:Luma_(Australia)"">Luma</a>","<a href=""https://www.ssbwiki.com/Smasher:Luma_(Australia)"">https://www.ssbwiki.com/Smasher:Luma_(Australia)</a>",Luma,"Tasmania, Australia",Palutena,Luigi,Unknown,Unknown,Unknown,"<img src=""https://ssb.wiki.gallery/images/a/a9/PalutenaHeadSSBU.png"" alt="""" height=""15"" /><img src=""https://ssb.wiki.gallery/images/c/c6/LuigiHeadSSBU.png"" alt="""" height=""15"" />",Super Smash Bros. Ultimate singles, Oceania - Singles,Yes,Unknown,Australia,Tasmania,-42.124302,146.724722, Oceania , Oceania 
7th,"<a href=""https://www.ssbwiki.com/Smasher:Aluf"">Aluf</a>","<a href=""https://www.ssbwiki.com/Smasher:Aluf"">https://www.ssbwiki.com/Smasher:Aluf</a>",Aluf,"Auckland, New Zealand",Mario,Unknown,Unknown,Unknown,Unknown,"<img src=""https://ssb.wiki.gallery/images/0/0d/MarioHeadSSBU.png"" alt="""" height=""15"" />",Super Smash Bros. Ultimate singles, Oceania - Singles,Yes,Unknown,New Zealand,Auckland,-36.8473,174.7628, Oceania , Oceania 
8th,"<a href=""https://www.ssbwiki.com/Smasher:Extra"">Extra</a>","<a href=""https://www.ssbwiki.com/Smasher:Extra"">https://www.ssbwiki.com/Smasher:Extra</a>",Extra,"Melbourne, Australia",Mr. Game & Watch,Wolf,Unknown,Unknown,Unknown,"<img src=""https://ssb.wiki.gallery/images/6/6b/MrGame%26WatchHeadSSBU.png"" alt="""" height=""15"" /><img src=""https://ssb.wiki.gallery/images/e/e8/WolfHeadSSBU.png"" alt="""" height=""15"" />",Super Smash Bros. Ultimate singles, Oceania - Singles,Yes,Unknown,Australia,Melbourne,-37.8136,144.9631, Oceania , Oceania 
9th,"<a href=""https://www.ssbwiki.com/Smasher:Danklin"">Danklin</a>","<a href=""https://www.ssbwiki.com/Smasher:Danklin"">https://www.ssbwiki.com/Smasher:Danklin</a>",Danklin,"Victoria, Australia",Mii Swordfighter,Unknown,Unknown,Unknown,Unknown,"<img src=""https://ssb.wiki.gallery/images/e/ef/MiiSwordfighterHeadSSBU.png"" alt="""" height=""15"" />",Super Smash Bros. Ultimate singles, Oceania - Singles,Yes,Tactical Banditry,Australia,Victoria,-37.472569,144.556719, Oceania , Oceania 
10th,"<a href=""https://www.ssbwiki.com/Smasher:Jdizzle"">Jdizzle</a>","<a href=""https://www.ssbwiki.com/Smasher:Jdizzle"">https://www.ssbwiki.com/Smasher:Jdizzle</a>",Jdizzle,"Melbourne, Australia",Young Link,Unknown,Unknown,Unknown,Unknown,"<img src=""https://ssb.wiki.gallery/images/c/cd/YoungLinkHeadSSBU.png"" alt="""" height=""15"" />",Super Smash Bros. Ultimate singles, Oceania - Singles,Yes,Kanga Esports,Australia,Melbourne,-37.8136,144.9631, Oceania , Oceania 
11th,"<a href=""https://www.ssbwiki.com/Smasher:Poppt1"">Poppt1</a>","<a href=""https://www.ssbwiki.com/Smasher:Poppt1"">https://www.ssbwiki.com/Smasher:Poppt1</a>",Poppt1,"Perth, Australia",Lucina,Ness,Unknown,Unknown,Unknown,"<img src=""https://ssb.wiki.gallery/images/0/04/LucinaHeadSSBU.png"" alt="""" height=""15"" /><img src=""https://ssb.wiki.gallery/images/0/0f/NessHeadSSBU.png"" alt="""" height=""15"" />",Super Smash Bros. Ultimate singles, Oceania - Singles,Yes,Unknown,Australia,Perth,-31.9529,115.8573, Oceania , Oceania 
12th,"<a href=""https://www.ssbwiki.com/Smasher:Khami"">Khami</a>","<a href=""https://www.ssbwiki.com/Smasher:Khami"">https://www.ssbwiki.com/Smasher:Khami</a>",Khami,"Victoria, Australia",Ness,Unknown,Unknown,Unknown,Unknown,"<img src=""https://ssb.wiki.gallery/images/0/0f/NessHeadSSBU.png"" alt="""" height=""15"" />",Super Smash Bros. Ultimate singles, Oceania - Singles,Yes,Forbidden Gaming,Australia,Victoria,-37.472569,144.556719, Oceania , Oceania 
1st,"<a href=""https://www.ssbwiki.com/Smasher:Sriks"">Sriks</a>","<a href=""https://www.ssbwiki.com/Smasher:Sriks"">https://www.ssbwiki.com/Smasher:Sriks</a>",Sriks,"Canberra, Australia",Roy,Sephiroth,Diddy Kong,Unknown,Unknown,"<img src=""https://ssb.wiki.gallery/images/e/ed/RoyHeadSSBU.png"" alt="""" height=""15"" /><img src=""https://ssb.wiki.gallery/images/5/5e/SephirothHeadSSBU.png"" alt="""" height=""15"" /><img src=""https://ssb.wiki.gallery/images/3/36/DiddyKongHeadSSBU.png"" alt="""" height=""15"" />",Super Smash Bros. Ultimate Last Chance Qualifier, Oceania - Last Chance,Yes,Geniune Gaming,Australia,Canberra,-35.3075,149.1244, Oceania , Oceania 
2nd,"<a href=""https://www.ssbwiki.com/Smasher:Ghost"">Ghost</a>","<a href=""https://www.ssbwiki.com/Smasher:Ghost"">https://www.ssbwiki.com/Smasher:Ghost</a>",Ghost,"Adelaide, Australia",Mii Brawler,Steve,Min Min,Unknown,Unknown,"<img src=""https://ssb.wiki.gallery/images/d/d8/MiiBrawlerHeadSSBU.png"" alt="""" height=""15"" /><img src=""https://ssb.wiki.gallery/images/1/11/SteveHeadSSBU.png"" alt="""" height=""15"" /><img src=""https://ssb.wiki.gallery/images/d/de/MinMinHeadSSBU.png"" alt="""" height=""15"" />",Super Smash Bros. Ultimate Last Chance Qualifier, Oceania - Last Chance,Yes,Kanga Esports,Australia,Adelaide,-34.9273,138.5995, Oceania , Oceania 
3rd,"<a href=""https://www.ssbwiki.com/Smasher:Maplemage"">Maplemage</a>","<a href=""https://www.ssbwiki.com/Smasher:Maplemage"">https://www.ssbwiki.com/Smasher:Maplemage</a>",Maplemage,"Canberra, Australia",Zero Suit Samus,Corrin,Byleth,Unknown,Unknown,"<img src=""https://ssb.wiki.gallery/images/7/71/ZeroSuitSamusHeadSSBU.png"" alt="""" height=""15"" /><img src=""https://ssb.wiki.gallery/images/c/cf/CorrinHeadSSBU.png"" alt="""" height=""15"" /><img src=""https://ssb.wiki.gallery/images/a/a2/BylethHeadSSBU.png"" alt="""" width=""15"" height=""15"" />",Super Smash Bros. Ultimate Last Chance Qualifier, Oceania - Last Chance,Yes,Unknown,Australia,Canberra,-35.3075,149.1244, Oceania , Oceania 
4th,"<a href=""https://www.ssbwiki.com/Smasher:Googlemaps"">Googlemaps</a>","<a href=""https://www.ssbwiki.com/Smasher:Googlemaps"">https://www.ssbwiki.com/Smasher:Googlemaps</a>",Googlemaps,"Adelaide, Australia",Toon Link,Ice Climbers,Unknown,Unknown,Unknown,"<img src=""https://ssb.wiki.gallery/images/e/e6/ToonLinkHeadSSBU.png"" alt="""" height=""15"" /><img src=""https://ssb.wiki.gallery/images/8/8b/IceClimbersHeadSSBU.png"" alt="""" height=""15"" />",Super Smash Bros. Ultimate Last Chance Qualifier, Oceania - Last Chance,Yes,Unknown,Australia,Adelaide,-34.9273,138.5995, Oceania , Oceania 
1st,"<a href=""https://www.ssbwiki.com/Smasher:Capitancito"">Capitancito</a>","<a href=""https://www.ssbwiki.com/Smasher:Capitancito"">https://www.ssbwiki.com/Smasher:Capitancito</a>",Capitancito,Dominican Republic,Mii Gunner,Unknown,Unknown,Unknown,Unknown,"<img src=""https://ssb.wiki.gallery/images/3/3d/MiiGunnerHeadSSBU.png"" alt="""" height=""15"" />",Super Smash Bros. Ultimate singles, Central America - Singles,Yes,Santo Domngo Tigers,Dominican Republic,Dominican Republic,18.483402,-69.929611, Central America , Central America 
2nd,"<a href=""https://www.ssbwiki.com/Smasher:ShinyMark"">ShinyMark</a>","<a href=""https://www.ssbwiki.com/Smasher:ShinyMark"">https://www.ssbwiki.com/Smasher:ShinyMark</a>",ShinyMark,"Guatemala City, Guatemala",Pikachu,Unknown,Unknown,Unknown,Unknown,"<img src=""https://ssb.wiki.gallery/images/f/fa/PikachuHeadSSBU.png"" alt="""" height=""15"" />",Super Smash Bros. Ultimate singles, Central America - Singles,Yes,Shorys Gaming,Guatemala,Guatemala City,14.6133,-90.5353, Central America , Central America 
3rd,"<a href=""https://www.ssbwiki.com/Smasher:Sonix"">Sonix</a>","<a href=""https://www.ssbwiki.com/Smasher:Sonix"">https://www.ssbwiki.com/Smasher:Sonix</a>",Sonix,Dominican Republic,Sonic,Unknown,Unknown,Unknown,Unknown,"<img src=""https://ssb.wiki.gallery/images/7/76/SonicHeadSSBU.png"" alt="""" height=""15"" />",Super Smash Bros. Ultimate singles, Central America - Singles,Yes,Bandits Gaming,Dominican Republic,Dominican Republic,18.483402,-69.929611, Central America , Central America 
4th,"<a href=""https://www.ssbwiki.com/Smasher:Echofire"">Echofire</a>","<a href=""https://www.ssbwiki.com/Smasher:Echofire"">https://www.ssbwiki.com/Smasher:Echofire</a>",Echofire,"Honduras, Central America",Ness,Dark Pit,Dark Samus,Unknown,Unknown,"<img src=""https://ssb.wiki.gallery/images/0/0f/NessHeadSSBU.png"" alt="""" height=""15"" /><img src=""https://ssb.wiki.gallery/images/e/ed/DarkPitHeadSSBU.png"" alt="""" height=""15"" /><img src=""https://ssb.wiki.gallery/images/9/96/DarkSamusHeadSSBU.png"" alt="""" height=""15"" />",Super Smash Bros. Ultimate singles, Central America - Singles,Yes,Unknown,Honduras,Honduras,14.081999,-87.202438, Central America , Central America 
5th,"<a href=""https://www.ssbwiki.com/Smasher:Mtkat"">Mtkat</a>","<a href=""https://www.ssbwiki.com/Smasher:Mtkat"">https://www.ssbwiki.com/Smasher:Mtkat</a>",Mtkat,Costa Rica,Palutena,Unknown,Unknown,Unknown,Unknown,"<img src=""https://ssb.wiki.gallery/images/a/a9/PalutenaHeadSSBU.png"" alt="""" height=""15"" />",Super Smash Bros. Ultimate singles, Central America - Singles,Yes,Unknown,Costa Rica,Costa Rica,9.934739,-84.087502, Central America , Central America 
6th,"<a href=""https://www.ssbwiki.com/Smasher:Tuitt"">Tuitt</a>","<a href=""https://www.ssbwiki.com/Smasher:Tuitt"">https://www.ssbwiki.com/Smasher:Tuitt</a>",Tuitt,Puerto Rico,Robin,Unknown,Unknown,Unknown,Unknown,"<img src=""https://ssb.wiki.gallery/images/2/25/RobinHeadSSBU.png"" alt="""" height=""15"" />",Super Smash Bros. Ultimate singles, Central America - Singles,Yes,Unknown,Puerto Rico,Puerto Rico,18.200178,-66.664513, Central America , Central America 
1st,"<a href=""https://www.ssbwiki.com/Smasher:Yei"">Yei</a>","<a href=""https://www.ssbwiki.com/Smasher:Yei"">https://www.ssbwiki.com/Smasher:Yei</a>",Yei,"San José, Costa Rica",Palutena,Corrin,Cloud,Mario,Byleth,"<img src=""https://ssb.wiki.gallery/images/a/a9/PalutenaHeadSSBU.png"" alt="""" height=""15"" /><img src=""https://ssb.wiki.gallery/images/c/cf/CorrinHeadSSBU.png"" alt="""" height=""15"" /><img src=""https://ssb.wiki.gallery/images/thumb/3/3b/CloudHeadSSBU.png/32px-CloudHeadSSBU.png"" alt=""Cloud"" height=""15"" /><img src=""https://ssb.wiki.gallery/images/0/0d/MarioHeadSSBU.png"" alt="""" height=""15"" /><img src=""https://ssb.wiki.gallery/images/a/a2/BylethHeadSSBU.png"" alt="""" width=""15"" height=""15"" />",Super Smash Bros. Ultimate Last Chance Qualifier, Central America - Last Chance,Yes,OG Esports,Costa Rica,Carolina,9.934739,-84.087502, Central America , Central America 
2nd,"<a href=""https://www.ssbwiki.com/Smasher:Wolfen"">Wolfen</a>","<a href=""https://www.ssbwiki.com/Smasher:Wolfen"">https://www.ssbwiki.com/Smasher:Wolfen</a>",Wolfen,"El Salvador, Central America",Banjo & Kazooie,Unknown,Unknown,Unknown,Unknown,"<img src=""https://ssb.wiki.gallery/images/6/60/Banjo%26KazooieHeadSSBU.png"" alt="""" height=""15"" />",Super Smash Bros. Ultimate Last Chance Qualifier, Central America - Last Chance,Yes,Unknown,El Salvador,El Salvador,13.90519,-89.500206, Central America , Central America 
3rd,"<a href=""https://www.ssbwiki.com/Smasher:Glutonny"">Glutonny</a>","<a href=""https://www.ssbwiki.com/Smasher:Glutonny"">https://www.ssbwiki.com/Smasher:Glutonny</a>",Glutonny,"Saint-Michel-sur-Orge, France",Wario,Unknown,Unknown,Unknown,Unknown,"<img src=""https://ssb.wiki.gallery/images/0/05/WarioHeadSSBU.png"" alt="""" height=""15"" />",Super Smash Bros. Ultimate singles, Europe - Singles,Yes,Solary,France,Saint-Michel-sur-Orge,48.6303,2.3025, Europe , Europe 
1st,"<a href=""https://www.ssbwiki.com/Smasher:Br1_AV"">Br1 AV</a>","<a href=""https://www.ssbwiki.com/Smasher:Br1_AV"">https://www.ssbwiki.com/Smasher:Br1_AV</a>",Br1 AV,"Ecuador, South America",Snake,Steve,Unknown,Unknown,Unknown,"<img src=""https://ssb.wiki.gallery/images/9/9a/SnakeHeadSSBU.png"" alt="""" height=""15"" /><img src=""https://ssb.wiki.gallery/images/1/11/SteveHeadSSBU.png"" alt="""" height=""15"" />",Super Smash Bros. Ultimate singles, South America - Singles,Yes,Unknown,Ecuador,Ecuador,-0.180653,-78.467834, South America , South America 
2nd,"<a href=""https://www.ssbwiki.com/Smasher:Anality"">Anality</a>","<a href=""https://www.ssbwiki.com/Smasher:Anality"">https://www.ssbwiki.com/Smasher:Anality</a>",Anality,"Ecuador, South America",Terry,Ken,Unknown,Unknown,Unknown,"<img src=""https://ssb.wiki.gallery/images/f/f9/TerryHeadSSBU.png"" alt="""" height=""15"" /><img src=""https://ssb.wiki.gallery/images/7/72/KenHeadSSBU.png"" alt="""" height=""15"" />",Super Smash Bros. Ultimate singles, South America - Singles,Yes,Unknown,Ecuador,Ecuador,-0.180653,-78.467834, South America , South America 
3rd,"<a href=""https://www.ssbwiki.com/Smasher:Frido"">Frido</a>","<a href=""https://www.ssbwiki.com/Smasher:Frido"">https://www.ssbwiki.com/Smasher:Frido</a>",Frido,"Valparaiso, Chile",Mr. Game & Watch,Unknown,Unknown,Unknown,Unknown,"<img src=""https://ssb.wiki.gallery/images/6/6b/MrGame%26WatchHeadSSBU.png"" alt="""" height=""15"" />",Super Smash Bros. Ultimate singles, South America - Singles,Yes,Unknown,Chile,Valparaíso,-33.0456,-71.6194, South America , South America 
4th,"<a href=""https://www.ssbwiki.com/Smasher:Keen"">Keen</a>","<a href=""https://www.ssbwiki.com/Smasher:Keen"">https://www.ssbwiki.com/Smasher:Keen</a>",Keen,"Valparaiso, Chile",Wolf,Joker,Roy,Cloud,Unknown,"<img src=""https://ssb.wiki.gallery/images/e/e8/WolfHeadSSBU.png"" alt="""" height=""15"" /><img src=""https://ssb.wiki.gallery/images/2/25/JokerHeadSSBU.png"" alt="""" height=""15"" /><img src=""https://ssb.wiki.gallery/images/e/ed/RoyHeadSSBU.png"" alt="""" height=""15"" /><img src=""https://ssb.wiki.gallery/images/thumb/3/3b/CloudHeadSSBU.png/32px-CloudHeadSSBU.png"" alt=""Cloud"" height=""15"" />",Super Smash Bros. Ultimate singles, South America - Singles,Yes,Unknown,Chile,Valparaíso,-33.0456,-71.6194, South America , South America 
5th,"<a href=""https://www.ssbwiki.com/Smasher:Ghoul979"">Ghoul979</a>","<a href=""https://www.ssbwiki.com/Smasher:Ghoul979"">https://www.ssbwiki.com/Smasher:Ghoul979</a>",Ghoul979,"Colombia, South America",Ike,Unknown,Unknown,Unknown,Unknown,"<img src=""https://ssb.wiki.gallery/images/b/b2/IkeHeadSSBU.png"" alt="""" height=""15"" />",Super Smash Bros. Ultimate singles, South America - Singles,Yes,Unknown,Colombia,Colombia,4.624335,-74.063644, South America , South America 
5th,"<a href=""https://www.ssbwiki.com/Smasher:Toon"">Toon</a>","<a href=""https://www.ssbwiki.com/Smasher:Toon"">https://www.ssbwiki.com/Smasher:Toon</a>",Toon,"Santiago, Chile",Ness,Unknown,Unknown,Unknown,Unknown,"<img src=""https://ssb.wiki.gallery/images/0/0f/NessHeadSSBU.png"" alt="""" height=""15"" />",Super Smash Bros. Ultimate singles, South America - Singles,Yes,Unknown,Chile,Santiago,-33.45,-70.6667, South America , South America 
7th,"<a href=""https://www.ssbwiki.com/Smasher:JJcat"">JJcat</a>","<a href=""https://www.ssbwiki.com/Smasher:JJcat"">https://www.ssbwiki.com/Smasher:JJcat</a>",jjcat00,"Bogotá, Columbia",Samus,Unknown,Unknown,Unknown,Unknown,"<img src=""https://ssb.wiki.gallery/images/7/7f/SamusHeadSSBU.png"" alt="""" height=""15"" />",Super Smash Bros. Ultimate singles, South America - Singles,Yes,Unknown,Colombia,Bogotá,4.624335,-74.063644, South America , South America 
7th,"<a href=""https://www.ssbwiki.com/Smasher:ZanT"">ZanT</a>","<a href=""https://www.ssbwiki.com/Smasher:ZanT"">https://www.ssbwiki.com/Smasher:ZanT</a>",ZanT,"Mar del Plata, Argentina",Pokemon Trainer,Unknown,Unknown,Unknown,Unknown,"<img src=""https://ssb.wiki.gallery/images/0/09/Pok%C3%A9monTrainerHeadSSBU.png"" alt="""" height=""15"" />",Super Smash Bros. Ultimate singles, South America - Singles,Yes,Unknown,Argentina,Mar del Plata,-38,-57.55, South America , South America 
9th,"<a href=""https://www.ssbwiki.com/Smasher:OZN~Tales"">OZN~Tales</a>","<a href=""https://www.ssbwiki.com/Smasher:OZN~Tales"">https://www.ssbwiki.com/Smasher:OZN~Tales</a>",OZN~Tales,"Concepción, Chile",Min Min,Unknown,Unknown,Unknown,Unknown,"<img src=""https://ssb.wiki.gallery/images/d/de/MinMinHeadSSBU.png"" alt="""" height=""15"" />",Super Smash Bros. Ultimate singles, South America - Singles,Yes,Unknown,Chile,Concepción,-36.8282,-73.0514, South America , South America 
9th,"<a href=""https://www.ssbwiki.com/Smasher:Poyo"">Poyo</a>","<a href=""https://www.ssbwiki.com/Smasher:Poyo"">https://www.ssbwiki.com/Smasher:Poyo</a>",Poyo,"Lima, Peru",Sonic,Unknown,Unknown,Unknown,Unknown,"<img src=""https://ssb.wiki.gallery/images/7/76/SonicHeadSSBU.png"" alt="""" height=""15"" />",Super Smash Bros. Ultimate singles, South America - Singles,Yes,Unknown,Peru,Lima,-12.0433,-77.0283, South America , South America 
9th,"<a href=""https://www.ssbwiki.com/Smasher:LinkEa"">LinkEa</a>","<a href=""https://www.ssbwiki.com/Smasher:LinkEa"">https://www.ssbwiki.com/Smasher:LinkEa</a>",LinkEa,"Villa Alemana, Chile",Link,Unknown,Unknown,Unknown,Unknown,"<img src=""https://ssb.wiki.gallery/images/a/aa/LinkHeadSSBU.png"" alt="""" height=""15"" />",Super Smash Bros. Ultimate singles, South America - Singles,Yes,Unknown,Chile,Villa Alemana,-33.0422,-71.3733, South America , South America 
9th,"<a href=""https://www.ssbwiki.com/Smasher:Wise"">Wise</a>","<a href=""https://www.ssbwiki.com/Smasher:Wise"">https://www.ssbwiki.com/Smasher:Wise</a>",Wise,"Talca, Chile",Luigi,Unknown,Unknown,Unknown,Unknown,"<img src=""https://ssb.wiki.gallery/images/c/c6/LuigiHeadSSBU.png"" alt="""" height=""15"" />",Super Smash Bros. Ultimate singles, South America - Singles,Yes,Unknown,Chile,Talca,-35.4265,-71.6661, South America , South America 
1st,"<a href=""https://www.ssbwiki.com/Smasher:Player_7"">Player 7</a>","<a href=""https://www.ssbwiki.com/Smasher:Player_7"">https://www.ssbwiki.com/Smasher:Player_7</a>",Player 7,"São Paulo, Brazil",Mr. Game & Watch,Unknown,Unknown,Unknown,Unknown,"<img src=""https://ssb.wiki.gallery/images/6/6b/MrGame%26WatchHeadSSBU.png"" alt="""" height=""15"" />",Super Smash Bros. Ultimate Last Chance Qualifier, South America - Last Chance,Yes,Fusion e-Sports,Brazil,São Paulo,-23.5487,-46.6383, South America , South America 
2nd,"<a href=""https://www.ssbwiki.com/Smasher:Lukitu"">Lukitu</a>","<a href=""https://www.ssbwiki.com/Smasher:Lukitu"">https://www.ssbwiki.com/Smasher:Lukitu</a>",Lukitu,"Porto Alegre, Brazil",Palutena,Unknown,Unknown,Unknown,Unknown,"<img src=""https://ssb.wiki.gallery/images/a/a9/PalutenaHeadSSBU.png"" alt="""" height=""15"" />",Super Smash Bros. Ultimate Last Chance Qualifier, South America - Last Chance,Yes,Fusion e-Sports,Brazil,Porto Alegre,-30.0277,-51.2286, South America , South America 
3rd,"<a href=""https://www.ssbwiki.com/Smasher:Luffyranha"">Luffyranha</a>","<a href=""https://www.ssbwiki.com/Smasher:Luffyranha"">https://www.ssbwiki.com/Smasher:Luffyranha</a>",Luffyranha,"Rio de Janeiro, Brazil",Inkling,Dark Samus,Unknown,Unknown,Unknown,"<img src=""https://ssb.wiki.gallery/images/f/f1/InklingHeadSSBU.png"" alt="""" height=""15"" /><img src=""https://ssb.wiki.gallery/images/9/96/DarkSamusHeadSSBU.png"" alt="""" height=""15"" />",Super Smash Bros. Ultimate Last Chance Qualifier, South America - Last Chance,Yes,Unknown,Brazil,Rio de Janeiro,-22.9014,-43.1789, South America , South America 
4th,"<a href=""https://www.ssbwiki.com/Smasher:Ran"">Ran</a>","<a href=""https://www.ssbwiki.com/Smasher:Ran"">https://www.ssbwiki.com/Smasher:Ran</a>",Ran,"Santiago, Chile",Young Link,Unknown,Unknown,Unknown,Unknown,"<img src=""https://ssb.wiki.gallery/images/c/cd/YoungLinkHeadSSBU.png"" alt="""" height=""15"" />",Super Smash Bros. Ultimate Last Chance Qualifier, South America - Last Chance,Yes,Unknown,Chile,Santiago,-33.45,-70.6667, South America , South America 
1st,"<a href=""https://www.ssbwiki.com/Smasher:Bloom4Eva"">Bloom4Eva</a>","<a href=""https://www.ssbwiki.com/Smasher:Bloom4Eva"">https://www.ssbwiki.com/Smasher:Bloom4Eva</a>",Bloom4Eva,"England, UK ",Bayonetta,Corrin,Unknown,Unknown,Unknown,"<img src=""https://ssb.wiki.gallery/images/6/6c/BayonettaHeadSSBU.png"" alt="""" height=""15"" /><img src=""https://ssb.wiki.gallery/images/c/cf/CorrinHeadSSBU.png"" alt="""" height=""15"" />",Super Smash Bros. Ultimate singles, Europe - Singles,Yes,Unknown,UK,England,51.509865,-0.118092, Europe , Europe 
2nd,"<a href=""https://www.ssbwiki.com/Smasher:Sisqui"">Sisqui</a>","<a href=""https://www.ssbwiki.com/Smasher:Sisqui"">https://www.ssbwiki.com/Smasher:Sisqui</a>",sisqui,"Barcelona, Spain",Dark Samus,Unknown,Unknown,Unknown,Unknown,"<img src=""https://ssb.wiki.gallery/images/9/96/DarkSamusHeadSSBU.png"" alt="""" height=""15"" />",Super Smash Bros. Ultimate singles, Europe - Singles,Yes,Nicecactus,Spain,Barcelona,41.3879,2.1699, Europe , Europe 
4th,"<a href=""https://www.ssbwiki.com/Smasher:Freetox"">Freetox_</a>","<a href=""https://www.ssbwiki.com/Smasher:Freetox"">https://www.ssbwiki.com/Smasher:Freetox</a>",Freetox_,"France, Europe",Min Min,Ness,Unknown,Unknown,Unknown,"<img src=""https://ssb.wiki.gallery/images/d/de/MinMinHeadSSBU.png"" alt="""" height=""15"" /><img src=""https://ssb.wiki.gallery/images/0/0f/NessHeadSSBU.png"" alt="""" height=""15"" />",Super Smash Bros. Ultimate singles, Europe - Singles,Yes,Unknown,France,France,48.864716,2.349014, Europe , Europe 
5th,"<a href=""https://www.ssbwiki.com/Smasher:Sillintor"">Sillintor</a>","<a href=""https://www.ssbwiki.com/Smasher:Sillintor"">https://www.ssbwiki.com/Smasher:Sillintor</a>",Sillintor,"Bavaria, Germany",Link,Unknown,Unknown,Unknown,Unknown,"<img src=""https://ssb.wiki.gallery/images/a/aa/LinkHeadSSBU.png"" alt="""" height=""15"" />",Super Smash Bros. Ultimate singles, Europe - Singles,Yes,Unknown,Germany,Bavaria,48.7775,11.431111, Europe , Europe 
5th,"<a href=""https://www.ssbwiki.com/Smasher:Vidad"">Vidad</a>","<a href=""https://www.ssbwiki.com/Smasher:Vidad"">https://www.ssbwiki.com/Smasher:Vidad</a>",Vidad,"Spain, Europe",R.O.B,Unknown,Unknown,Unknown,Unknown,"<img src=""https://ssb.wiki.gallery/images/b/b3/ROBHeadSSBU.png"" alt="""" height=""15"" />",Super Smash Bros. Ultimate singles, Europe - Singles,Yes,Unknown,Spain,Spain,40.416775,-3.70379, Europe , Europe 
7th,"<a href=""https://www.ssbwiki.com/Smasher:Raflow"">Raflow</a>","<a href=""https://www.ssbwiki.com/Smasher:Raflow"">https://www.ssbwiki.com/Smasher:Raflow</a>",Raflow,"France, Europe",Palutena,Unknown,Unknown,Unknown,Unknown,"<img src=""https://ssb.wiki.gallery/images/a/a9/PalutenaHeadSSBU.png"" alt="""" height=""15"" />",Super Smash Bros. Ultimate singles, Europe - Singles,Yes,Warthox,France,France,48.864716,2.349014, Europe , Europe 
7th,"<a href=""https://www.ssbwiki.com/Smasher:Tomberry"">Tomberry</a>","<a href=""https://www.ssbwiki.com/Smasher:Tomberry"">https://www.ssbwiki.com/Smasher:Tomberry</a>",Tomberry,"Besançon, France",Snake,Unknown,Unknown,Unknown,Unknown,"<img src=""https://ssb.wiki.gallery/images/9/9a/SnakeHeadSSBU.png"" alt="""" height=""15"" />",Super Smash Bros. Ultimate singles, Europe - Singles,Yes,Ades Esport,France,Besançon,47.2431,6.0219, Europe , Europe 
9th,"<a href=""https://www.ssbwiki.com/Smasher:Tarik"">Tarik</a>","<a href=""https://www.ssbwiki.com/Smasher:Tarik"">https://www.ssbwiki.com/Smasher:Tarik</a>",Tarik,"Eckernförde, Germany",Greninja,Byleth,Unknown,Unknown,Unknown,"<img src=""https://ssb.wiki.gallery/images/6/65/GreninjaHeadSSBU.png"" alt="""" height=""15"" /><img src=""https://ssb.wiki.gallery/images/a/a2/BylethHeadSSBU.png"" alt="""" width=""15"" height=""15"" />",Super Smash Bros. Ultimate singles, Europe - Singles,Yes,Unknown,Germany,Eckernförde,54.4742,9.8378, Europe , Europe 
9th,"<a href=""https://www.ssbwiki.com/Smasher:Homika"">Homika</a>","<a href=""https://www.ssbwiki.com/Smasher:Homika"">https://www.ssbwiki.com/Smasher:Homika</a>",Homika,"Paris, France",Rosalina & Luma,Pikachu,Unknown,Unknown,Unknown,"<img src=""https://ssb.wiki.gallery/images/e/e8/RosalinaHeadSSBU.png"" alt="""" height=""15"" /><img src=""https://ssb.wiki.gallery/images/f/fa/PikachuHeadSSBU.png"" alt="""" height=""15"" />",Super Smash Bros. Ultimate singles, Europe - Singles,Yes,Unknown,France,Paris,48.8569,2.3508, Europe , Europe 
9th,"<a href=""https://www.ssbwiki.com/Smasher:IRefuse"">IRefuse</a>","<a href=""https://www.ssbwiki.com/Smasher:IRefuse"">https://www.ssbwiki.com/Smasher:IRefuse</a>",iRefuse,"Sweden, Europe",Steve,Unknown,Unknown,Unknown,Unknown,"<img src=""https://ssb.wiki.gallery/images/1/11/SteveHeadSSBU.png"" alt="""" height=""15"" />",Super Smash Bros. Ultimate singles, Europe - Singles,Yes,Unknown,Sweden,Sweden,59.334591,18.06324, Europe , Europe 
9th,"<a href=""https://www.ssbwiki.com/Smasher:PurpleDebo"">PurpleDebo</a>","<a href=""https://www.ssbwiki.com/Smasher:PurpleDebo"">https://www.ssbwiki.com/Smasher:PurpleDebo</a>",PurpleDebo,"Hoorn, Netherlands",Pac-Man,Unknown,Unknown,Unknown,Unknown,"<img src=""https://ssb.wiki.gallery/images/4/45/Pac-ManHeadSSBU.png"" alt="""" height=""15"" />",Super Smash Bros. Ultimate singles, Europe - Singles,Yes,Unknown,Netherlands,"Horn, Netherlands",51.2167,5.95, Europe , Europe 
2nd,"<a href=""https://www.ssbwiki.com/Smasher:Gackt"">Gackt</a>","<a href=""https://www.ssbwiki.com/Smasher:Gackt"">https://www.ssbwiki.com/Smasher:Gackt</a>",Gackt,"Tokyo, Japan",Ness,Unknown,Unknown,Unknown,Unknown,"<img src=""https://ssb.wiki.gallery/images/0/0f/NessHeadSSBU.png"" alt="""" height=""15"" />",Super Smash Bros. Ultimate Last Chance Qualifier, Japan - Last Chance,Yes,Ray Road Gaming,Japan,Tokyo,35.652832,139.839478, Japan , Japan 
1st,"<a href=""https://www.ssbwiki.com/Smasher:SuperStriker"">SuperStriker</a>","<a href=""https://www.ssbwiki.com/Smasher:SuperStriker"">https://www.ssbwiki.com/Smasher:SuperStriker</a>",SuperStriker,"Brussels, Belgium",Sonic,Unknown,Unknown,Unknown,Unknown,"<img src=""https://ssb.wiki.gallery/images/7/76/SonicHeadSSBU.png"" alt="""" height=""15"" />",Super Smash Bros. Ultimate Last Chance Qualifier, Europe - Last Chance,Yes,Unknown,Belgium,Brussels,50.836,4.3707, Europe , Europe 
2nd,"<a href=""https://www.ssbwiki.com/Smasher:Lucretio"">Lucretio</a>","<a href=""https://www.ssbwiki.com/Smasher:Lucretio"">https://www.ssbwiki.com/Smasher:Lucretio</a>",Lucretio,"Coventry, UK",R.O.B,Unknown,Unknown,Unknown,Unknown,"<img src=""https://ssb.wiki.gallery/images/b/b3/ROBHeadSSBU.png"" alt="""" height=""15"" />",Super Smash Bros. Ultimate Last Chance Qualifier, Europe - Last Chance,Yes,Unknown,UK,Coventry,52.4081,-1.5106, Europe , Europe 
3rd,"<a href=""https://www.ssbwiki.com/Smasher:Snormanda"">Snormanda</a>","<a href=""https://www.ssbwiki.com/Smasher:Snormanda"">https://www.ssbwiki.com/Smasher:Snormanda</a>",Snormanda,"Reutlingen, Germany ",Bowser Jr.,Unknown,Unknown,Unknown,Unknown,"<img src=""https://ssb.wiki.gallery/images/0/07/BowserJrHeadSSBU.png"" alt="""" height=""15"" />",Super Smash Bros. Ultimate Last Chance Qualifier, Europe - Last Chance,Yes,Sissi State Punks,Germany,Reutlingen,48.483334,9.216667, Europe , Europe 
4th,"<a href=""https://www.ssbwiki.com/Smasher:Noxumbra"">Noxumbra</a>","<a href=""https://www.ssbwiki.com/Smasher:Noxumbra"">https://www.ssbwiki.com/Smasher:Noxumbra</a>",Noxumbra,"Paris, France",Richter,Unknown,Unknown,Unknown,Unknown,"<img src=""https://ssb.wiki.gallery/images/0/07/RichterHeadSSBU.png"" alt="""" height=""15"" />",Super Smash Bros. Ultimate Last Chance Qualifier, Europe - Last Chance,Yes,Unknown,France,Paris,48.8569,2.3508, Europe , Europe 
1st,"<a href=""https://www.ssbwiki.com/Smasher:KEN"">KEN</a>","<a href=""https://www.ssbwiki.com/Smasher:KEN"">https://www.ssbwiki.com/Smasher:KEN</a>",KEN,"Tokyo, Japan",Sonic,Richter,Unknown,Unknown,Unknown,"<img src=""https://ssb.wiki.gallery/images/7/76/SonicHeadSSBU.png"" alt="""" height=""15"" /><img src=""https://ssb.wiki.gallery/images/0/07/RichterHeadSSBU.png"" alt="""" height=""15"" />",Super Smash Bros. Ultimate singles, Japan - Singles,Yes,SBI e-Sports,Japan,Tokyo,35.652832,139.839478, Japan , Japan 
2nd,"<a href=""https://www.ssbwiki.com/Smasher:Kuroponzu"">Kuroponzu</a>","<a href=""https://www.ssbwiki.com/Smasher:Kuroponzu"">https://www.ssbwiki.com/Smasher:Kuroponzu</a>",Kuroponzu,Japan,R.O.B,Unknown,Unknown,Unknown,Unknown,"<img src=""https://ssb.wiki.gallery/images/b/b3/ROBHeadSSBU.png"" alt="""" height=""15"" />",Super Smash Bros. Ultimate singles, Japan - Singles,Yes,Unknown,Japan,Japan,35.652832,139.839478, Japan , Japan 
3rd,"<a href=""https://www.ssbwiki.com/Smasher:Omuatsu"">Omuatsu</a>","<a href=""https://www.ssbwiki.com/Smasher:Omuatsu"">https://www.ssbwiki.com/Smasher:Omuatsu</a>",Omuatu,"Hiroshima, Japan",Min Min,Unknown,Unknown,Unknown,Unknown,"<img src=""https://ssb.wiki.gallery/images/d/de/MinMinHeadSSBU.png"" alt="""" height=""15"" />",Super Smash Bros. Ultimate singles, Japan - Singles,Yes,Unknown,Japan,Hiroshima,34.3853,132.4553, Japan , Japan 
4th,"<a href=""https://www.ssbwiki.com/Smasher:ProtoBanham"">ProtoBanham</a>","<a href=""https://www.ssbwiki.com/Smasher:ProtoBanham"">https://www.ssbwiki.com/Smasher:ProtoBanham</a>",ProtoBanham,Japan,Min Min,Unknown,Unknown,Unknown,Unknown,"<img src=""https://ssb.wiki.gallery/images/d/de/MinMinHeadSSBU.png"" alt="""" height=""15"" />",Super Smash Bros. Ultimate singles, Japan - Singles,Yes, VrilliantOwlX,Japan,Japan,35.652832,139.839478, Japan , Japan 
5th,"<a href=""https://www.ssbwiki.com/Smasher:Shuton"">Shuton</a>","<a href=""https://www.ssbwiki.com/Smasher:Shuton"">https://www.ssbwiki.com/Smasher:Shuton</a>",Shuton,"Fukuoka, Japan",Mythra,Pyra,Olimar,Richter,Unknown,"<img src=""https://ssb.wiki.gallery/images/3/32/MythraHeadSSBU.png"" alt="""" height=""15"" /><img src=""https://ssb.wiki.gallery/images/7/79/PyraHeadSSBU.png"" alt=""Pyra"" height=""15"" /><img src=""https://ssb.wiki.gallery/images/9/91/OlimarHeadSSBU.png"" alt="""" height=""15"" /><img src=""https://ssb.wiki.gallery/images/0/07/RichterHeadSSBU.png"" alt="""" height=""15"" />",Super Smash Bros. Ultimate singles, Japan - Singles,Yes,SunSister,Japan,Fukuoka,33.597,130.4081, Japan , Japan 
6th,"<a href=""https://www.ssbwiki.com/Smasher:Harasen"">Harasen</a>","<a href=""https://www.ssbwiki.com/Smasher:Harasen"">https://www.ssbwiki.com/Smasher:Harasen</a>",Harasen,Japan,Ice Climbers,Unknown,Unknown,Unknown,Unknown,"<img src=""https://ssb.wiki.gallery/images/8/8b/IceClimbersHeadSSBU.png"" alt="""" height=""15"" />",Super Smash Bros. Ultimate singles, Japan - Singles,Yes,Unknown,Japan,Japan,35.652832,139.839478, Japan , Japan 
1st,"<a href=""https://www.ssbwiki.com/Smasher:HERO"">HERO</a>","<a href=""https://www.ssbwiki.com/Smasher:HERO"">https://www.ssbwiki.com/Smasher:HERO</a>",HERO,Japan,Bowser,Unknown,Unknown,Unknown,Unknown,"<img src=""https://ssb.wiki.gallery/images/b/b5/BowserHeadSSBU.png"" alt="""" height=""15"" />",Super Smash Bros. Ultimate Last Chance Qualifier, Japan - Last Chance,Yes,CJ eSports,Japan,Japan,35.652832,139.839478, Japan , Japan 
1st,"<a href=""https://www.ssbwiki.com/Smasher:XIFL"">XIFL</a>","<a href=""https://www.ssbwiki.com/Smasher:XIFL"">https://www.ssbwiki.com/Smasher:XIFL</a>",XIFL,"Hong Kong, China",Pokemon Trainer,Captain Falcon,Unknown,Unknown,Unknown,"<img src=""https://ssb.wiki.gallery/images/0/09/Pok%C3%A9monTrainerHeadSSBU.png"" alt="""" height=""15"" /><img src=""https://ssb.wiki.gallery/images/3/35/CaptainFalconHeadSSBU.png"" alt="""" height=""15"" />",Super Smash Bros. Ultimate singles, East Asia - Singles,Yes,Unknown,China,Hong Kong,22.302711,114.177216, East Asia , East Asia 
2nd,"<a href=""https://www.ssbwiki.com/Smasher:LynZle"">LynZle</a>","<a href=""https://www.ssbwiki.com/Smasher:LynZle"">https://www.ssbwiki.com/Smasher:LynZle</a>",LynZle,"Hong Kong, China",Mythra,Pyra,Mii Swordfighter,Palutena,Mr. Game & Watch,"<img src=""https://ssb.wiki.gallery/images/3/32/MythraHeadSSBU.png"" alt="""" height=""15"" /><img src=""https://ssb.wiki.gallery/images/7/79/PyraHeadSSBU.png"" alt=""Pyra"" height=""15"" /><img src=""https://ssb.wiki.gallery/images/e/ef/MiiSwordfighterHeadSSBU.png"" alt="""" height=""15"" /><img src=""https://ssb.wiki.gallery/images/a/a9/PalutenaHeadSSBU.png"" alt="""" height=""15"" /><img src=""https://ssb.wiki.gallery/images/6/6b/MrGame%26WatchHeadSSBU.png"" alt="""" height=""15"" />",Super Smash Bros. Ultimate singles, East Asia - Singles,Yes,Unknown,China,Hong Kong,22.302711,114.177216, East Asia , East Asia 
3rd,"<a href=""https://www.ssbwiki.com/Smasher:Yoshi_95"">Yoshi_95</a>","<a href=""https://www.ssbwiki.com/Smasher:Yoshi_95"">https://www.ssbwiki.com/Smasher:Yoshi_95</a>",Yoshi_95,"Quezon City, Philippines",Link,Unknown,Unknown,Unknown,Unknown,"<img src=""https://ssb.wiki.gallery/images/a/aa/LinkHeadSSBU.png"" alt="""" height=""15"" />",Super Smash Bros. Ultimate singles, East Asia - Singles,Yes,Unknown,Philippines,Quezon City,14.6884,121.0745, East Asia , East Asia 
4th,"<a href=""https://www.ssbwiki.com/Smasher:Junkyarddude"">Junkyarddude</a>","<a href=""https://www.ssbwiki.com/Smasher:Junkyarddude"">https://www.ssbwiki.com/Smasher:Junkyarddude</a>",Junkyarddude,Philippines ,Joker,Min Min,Unknown,Unknown,Unknown,"<img src=""https://ssb.wiki.gallery/images/2/25/JokerHeadSSBU.png"" alt="""" height=""15"" /><img src=""https://ssb.wiki.gallery/images/d/de/MinMinHeadSSBU.png"" alt="""" height=""15"" />",Super Smash Bros. Ultimate singles, East Asia - Singles,Yes,Unknown,Philippines,Philippines,14.599512,120.984222, East Asia , East Asia 
5th,"<a href=""https://www.ssbwiki.com/Smasher:Pwner"">Pwner</a>","<a href=""https://www.ssbwiki.com/Smasher:Pwner"">https://www.ssbwiki.com/Smasher:Pwner</a>",Pwner,"Hong Kong, China",Ike,Unknown,Unknown,Unknown,Unknown,"<img src=""https://ssb.wiki.gallery/images/b/b2/IkeHeadSSBU.png"" alt="""" height=""15"" />",Super Smash Bros. Ultimate singles, East Asia - Singles,Yes,Unknown,China,Hong Kong,22.302711,114.177216, East Asia , East Asia 
6th,"<a href=""https://www.ssbwiki.com/Smasher:PsineWave"">PsineWave</a>","<a href=""https://www.ssbwiki.com/Smasher:PsineWave"">https://www.ssbwiki.com/Smasher:PsineWave</a>",PsineWave,"Singapore, Asia",Ness,Unknown,Unknown,Unknown,Unknown,"<img src=""https://ssb.wiki.gallery/images/0/0f/NessHeadSSBU.png"" alt="""" height=""15"" />",Super Smash Bros. Ultimate singles, East Asia - Singles,Yes,Unknown,Singapore,Singapore,1.29027,103.851959, East Asia , East Asia 
1st,"<a href=""https://www.ssbwiki.com/Smasher:Tanark"">Tanark</a>","<a href=""https://www.ssbwiki.com/Smasher:Tanark"">https://www.ssbwiki.com/Smasher:Tanark</a>",Tanark,"Seoul, South Korea",Fox,Unknown,Unknown,Unknown,Unknown,"<img src=""https://ssb.wiki.gallery/images/0/04/FoxHeadSSBU.png"" alt="""" height=""15"" />",Super Smash Bros. Ultimate Last Chance Qualifier, East Asia - Last Chance,Yes,Unknown,South Korea,Seoul,37.5326,127.024612, East Asia , East Asia 
2nd,"<a href=""https://www.ssbwiki.com/Smasher:Sejun"">Sejun</a>","<a href=""https://www.ssbwiki.com/Smasher:Sejun"">https://www.ssbwiki.com/Smasher:Sejun</a>",Sejun,"South Korea, Asia",King Dedede,Unknown,Unknown,Unknown,Unknown,"<img src=""https://ssb.wiki.gallery/images/b/bb/KingDededeHeadSSBU.png"" alt="""" height=""15"" />",Super Smash Bros. Ultimate Last Chance Qualifier, East Asia - Last Chance,Yes,T1,South Korea,South Korea,37.5326,127.024612, East Asia , East Asia 
1st,"<a href=""https://www.ssbwiki.com/Smasher:Scend"">Scend</a>","<a href=""https://www.ssbwiki.com/Smasher:Scend"">https://www.ssbwiki.com/Smasher:Scend</a>",Scend,"Salt Lake City, Utah",Ness,Unknown,Unknown,Unknown,Unknown,"<img src=""https://ssb.wiki.gallery/images/0/0f/NessHeadSSBU.png"" alt="""" height=""15"" />",Super Smash Bros. Ultimate singles,Southwest - Singles,Yes,Unknown,USA,Salt Lake City,40.75,-111.8833,American Southwest , Southwest 
2nd,"<a href=""https://www.ssbwiki.com/Kiyarash"">https://www.ssbwiki.com/Kiyarash</a>","<a href=""https://www.ssbwiki.com/Kiyarash"">https://www.ssbwiki.com/Kiyarash</a>",Kiyarash,"California, USA",Luigi,Unknown,Unknown,Unknown,Unknown,"<img src=""https://ssb.wiki.gallery/images/c/c6/LuigiHeadSSBU.png"" alt="""" height=""15"" />",Super Smash Bros. Ultimate singles,Southwest - Singles,Yes,Unknown,USA,California,36.778259,-119.417931,American Southwest , Southwest 
3rd,"<a href=""https://www.ssbwiki.com/Smasher:MVD"">MVD</a>","<a href=""https://www.ssbwiki.com/Smasher:MVD"">https://www.ssbwiki.com/Smasher:MVD</a>",MVD,"Las Vegas, Nevada",Snake,Unknown,Unknown,Unknown,Unknown,"<img src=""https://ssb.wiki.gallery/images/9/9a/SnakeHeadSSBU.png"" alt="""" height=""15"" />",Super Smash Bros. Ultimate singles,Southwest - Singles,Yes,Thunder Gaming,USA,Las Vegas,36.1691,-115.1406,American Southwest , Southwest 
4th,"<a href=""https://www.ssbwiki.com/Smasher:Hanayome"">Hanayome</a>","<a href=""https://www.ssbwiki.com/Smasher:Hanayome"">https://www.ssbwiki.com/Smasher:Hanayome</a>",Hanayome,"Texas, USA",Ike,Sephiroth,Chrom,Unknown,Unknown,"<img src=""https://ssb.wiki.gallery/images/b/b2/IkeHeadSSBU.png"" alt="""" height=""15"" /><img src=""https://ssb.wiki.gallery/images/5/5e/SephirothHeadSSBU.png"" alt="""" height=""15"" /><img src=""https://ssb.wiki.gallery/images/2/25/ChromHeadSSBU.png"" alt="""" height=""15"" />",Super Smash Bros. Ultimate singles,Southwest - Singles,Yes,Unknown,USA,Texas,31,-100,American Southwest , Southwest 
5th,"<a href=""https://www.ssbwiki.com/Smasher:BassMage"">BassMage</a>","<a href=""https://www.ssbwiki.com/Smasher:BassMage"">https://www.ssbwiki.com/Smasher:BassMage</a>",BassMage,"Tucson, Arizona",Jigglypuff,Unknown,Unknown,Unknown,Unknown,"<img src=""https://ssb.wiki.gallery/images/9/95/JigglypuffHeadSSBU.png"" alt="""" height=""15"" />",Super Smash Bros. Ultimate singles,Southwest - Singles,Yes,Lavender esports,USA,Tucson,32.2217,-110.9264,American Southwest , Southwest 
6th,"<a href=""https://www.ssbwiki.com/Smasher:Larry_Lurr"">Larry_Lurr</a>","<a href=""https://www.ssbwiki.com/Smasher:Larry_Lurr"">https://www.ssbwiki.com/Smasher:Larry_Lurr</a>",Larry Lurr,"Los Angeles, California",Wolf,Falco,Donkey Kong,Unknown,Unknown,"<img src=""https://ssb.wiki.gallery/images/e/e8/WolfHeadSSBU.png"" alt="""" height=""15"" /><img src=""https://ssb.wiki.gallery/images/2/2f/FalcoHeadSSBU.png"" alt="""" height=""15"" /><img src=""https://ssb.wiki.gallery/images/b/ba/DonkeyKongHeadSSBU.png"" alt="""" height=""15"" />",Super Smash Bros. Ultimate singles,Southwest - Singles,Yes,Unknown,USA,Los Angeles,34.0522,-118.2433,American Southwest , Southwest 
1st,"<a href=""https://www.ssbwiki.com/Smasher:T3_DOM"">T3_DOM</a>","<a href=""https://www.ssbwiki.com/Smasher:T3_DOM"">https://www.ssbwiki.com/Smasher:T3_DOM</a>",T3 DOM,"Irvine, California",Richter,Unknown,Unknown,Unknown,Unknown,"<img src=""https://ssb.wiki.gallery/images/0/07/RichterHeadSSBU.png"" alt="""" height=""15"" />",Super Smash Bros. Ultimate Last Chance Qualifier,Southwest - Last Chance,Yes,Carnage Gaming,USA,Irvine,33.6694,-117.8231,American Southwest , Southwest 
2nd,"<a href=""https://www.ssbwiki.com/Smasher:Midnight_(SoCal)"">xXBuntaiFan94000Xx</a>","<a href=""https://www.ssbwiki.com/Smasher:Midnight_(SoCal)"">https://www.ssbwiki.com/Smasher:Midnight_(SoCal)</a>",xXBuntaiFan9,"Los Angeles, California",Palutena,Donkey Kong,Unknown,Unknown,Unknown,"<img src=""https://ssb.wiki.gallery/images/a/a9/PalutenaHeadSSBU.png"" alt="""" height=""15"" /><img src=""https://ssb.wiki.gallery/images/b/ba/DonkeyKongHeadSSBU.png"" alt="""" height=""15"" />",Super Smash Bros. Ultimate Last Chance Qualifier,Southwest - Last Chance,Yes,Prism Esports,USA,Los Angeles,34.0522,-118.2433,American Southwest , Southwest 
1st,"<a href=""https://www.ssbwiki.com/Smasher:SKITTLES!!"">SKITTLES!!</a>","<a href=""https://www.ssbwiki.com/Smasher:SKITTLES!!"">https://www.ssbwiki.com/Smasher:SKITTLES!!</a>",SKITTLES!!,"Omaha, Nebraska",Young Link,Kirby,Mega Man,Unknown,Unknown,"<img src=""https://ssb.wiki.gallery/images/c/cd/YoungLinkHeadSSBU.png"" alt="""" height=""15"" /><img src=""https://ssb.wiki.gallery/images/9/91/KirbyHeadSSBU.png"" alt="""" height=""15"" /><img src=""https://ssb.wiki.gallery/images/5/55/MegaManHeadSSBU.png"" alt="""" height=""15"" />",Super Smash Bros. Ultimate singles,Northwest - Singles,Yes,Unknown,USA,Omaha,41.25,-96,American Northwest , Northwest 
2nd,"<a href=""https://www.ssbwiki.com/Smasher:Pandarian"">Pandarian</a>","<a href=""https://www.ssbwiki.com/Smasher:Pandarian"">https://www.ssbwiki.com/Smasher:Pandarian</a>",Pandarian,"Kirkland, Washington",Pokemon Trainer,Wolf,Toon Link,Unknown,Unknown,"<img src=""https://ssb.wiki.gallery/images/0/09/Pok%C3%A9monTrainerHeadSSBU.png"" alt="""" height=""15"" /><img src=""https://ssb.wiki.gallery/images/e/e8/WolfHeadSSBU.png"" alt="""" height=""15"" /><img src=""https://ssb.wiki.gallery/images/e/e6/ToonLinkHeadSSBU.png"" alt="""" height=""15"" />",Super Smash Bros. Ultimate singles,Northwest - Singles,Yes,Team Clarity,USA,Kirkland,47.6755,-122.2034,American Northwest , Northwest 
3rd,"<a href=""https://www.ssbwiki.com/Smasher:Middy"">Middy</a>","<a href=""https://www.ssbwiki.com/Smasher:Middy"">https://www.ssbwiki.com/Smasher:Middy</a>",Middy,"Washington, USA ",Pac-Man,Steve,Unknown,Unknown,Unknown,"<img src=""https://ssb.wiki.gallery/images/4/45/Pac-ManHeadSSBU.png"" alt="""" height=""15"" /><img src=""https://ssb.wiki.gallery/images/1/11/SteveHeadSSBU.png"" alt="""" height=""15"" />",Super Smash Bros. Ultimate singles,Northwest - Singles,Yes,Team Clarity,USA,Washington,47.751076,-120.740135,American Northwest , Northwest 
4th,"<a href=""https://www.ssbwiki.com/Smasher:Domnique"">Domnique</a>","<a href=""https://www.ssbwiki.com/Smasher:Domnique"">https://www.ssbwiki.com/Smasher:Domnique</a>",Domnique,"Oregon, USA",R.O.B,Unknown,Unknown,Unknown,Unknown,"<img src=""https://ssb.wiki.gallery/images/b/b3/ROBHeadSSBU.png"" alt="""" height=""15"" />",Super Smash Bros. Ultimate singles,Northwest - Singles,Yes,Unknown,USA,Oregon,44,-120.5,American Northwest , Northwest 
5th,"<a href=""https://www.ssbwiki.com/Smasher:Big_D"">Big_D</a>","<a href=""https://www.ssbwiki.com/Smasher:Big_D"">https://www.ssbwiki.com/Smasher:Big_D</a>",Big D,"Vancouver, Canada",Ice Climbers,Captain Falcon,Unknown,Unknown,Unknown,"<img src=""https://ssb.wiki.gallery/images/8/8b/IceClimbersHeadSSBU.png"" alt="""" height=""15"" /><img src=""https://ssb.wiki.gallery/images/3/35/CaptainFalconHeadSSBU.png"" alt="""" height=""15"" />",Super Smash Bros. Ultimate singles,Northwest - Singles,Yes,Unknown,Canada,Vancouver,49.2636,-123.1386,American Northwest , Northwest 
6th,"<a href=""https://www.ssbwiki.com/Smasher:Exodia"">Exodia</a>","<a href=""https://www.ssbwiki.com/Smasher:Exodia"">https://www.ssbwiki.com/Smasher:Exodia</a>",Exodia,"Edmonton, Canada",Zero Suit Samus,Unknown,Unknown,Unknown,Unknown,"<img src=""https://ssb.wiki.gallery/images/7/71/ZeroSuitSamusHeadSSBU.png"" alt="""" height=""15"" />",Super Smash Bros. Ultimate singles,Northwest - Singles,Yes,Unknown,Canada,Edmonton,53.5445,-113.4909,American Northwest , Northwest 
1st,"<a href=""https://www.ssbwiki.com/Smasher:Silver_(Canada)"">Silver</a>","<a href=""https://www.ssbwiki.com/Smasher:Silver_(Canada)"">https://www.ssbwiki.com/Smasher:Silver_(Canada)</a>",Silver,"Alberta, Canada",Wii Fit Trainer,Pit,Unknown,Unknown,Unknown,"<img src=""https://ssb.wiki.gallery/images/8/87/WiiFitTrainerHeadSSBU.png"" alt="""" height=""15"" /><img src=""https://ssb.wiki.gallery/images/a/aa/PitHeadSSBU.png"" alt="""" height=""15"" />",Super Smash Bros. Ultimate Last Chance Qualifier,Northwest - Last Chance,Yes,Unknown,Canada,Alberta,55,-115,American Northwest , Northwest 
2nd,"<a href=""https://www.ssbwiki.com/Smasher:Justice"">Justice</a>","<a href=""https://www.ssbwiki.com/Smasher:Justice"">https://www.ssbwiki.com/Smasher:Justice</a>",Justice,"Oregon, USA",Min Min,Pokemon Trainer,Unknown,Unknown,Unknown,"<img src=""https://ssb.wiki.gallery/images/d/de/MinMinHeadSSBU.png"" alt="""" height=""15"" /><img src=""https://ssb.wiki.gallery/images/0/09/Pok%C3%A9monTrainerHeadSSBU.png"" alt="""" height=""15"" />",Super Smash Bros. Ultimate Last Chance Qualifier,Northwest - Last Chance,Yes,Unknown,USA,Oregon,44,-120.5,American Northwest , Northwest 
1st,"<a href=""https://www.ssbwiki.com/Smasher:Vendetta"">Vendetta</a>","<a href=""https://www.ssbwiki.com/Smasher:Vendetta"">https://www.ssbwiki.com/Smasher:Vendetta</a>",Vendetta,"Georgia, USA",Ken,Ryu,Unknown,Unknown,Unknown,"<img src=""https://ssb.wiki.gallery/images/7/72/KenHeadSSBU.png"" alt="""" height=""15"" /><img src=""https://ssb.wiki.gallery/images/f/fb/RyuHeadSSBU.png"" alt="""" height=""15"" />",Super Smash Bros. Ultimate singles,Southeast - Singles,Yes,Unknown,USA,Georgia,33.247875,-83.441162,American Southeast , Southeast 
2nd,"<a href=""https://www.ssbwiki.com/Smasher:ESAM"">ESAM</a>","<a href=""https://www.ssbwiki.com/Smasher:ESAM"">https://www.ssbwiki.com/Smasher:ESAM</a>",ESAM,"Miami, Florida",Pikachu,Unknown,Unknown,Unknown,Unknown,"<img src=""https://ssb.wiki.gallery/images/f/fa/PikachuHeadSSBU.png"" alt="""" height=""15"" />",Super Smash Bros. Ultimate singles,Southeast - Singles,Yes,Panda,USA,Miami,25.7751,-80.1947,American Southeast , Southeast 
3rd,"<a href=""https://www.ssbwiki.com/Smasher:Kola"">Kola</a>","<a href=""https://www.ssbwiki.com/Smasher:Kola"">https://www.ssbwiki.com/Smasher:Kola</a>",Kola,"Duluth, Georgia",Roy,Snake,Cloud,Unknown,Unknown,"<img src=""https://ssb.wiki.gallery/images/e/ed/RoyHeadSSBU.png"" alt="""" height=""15"" /><img src=""https://ssb.wiki.gallery/images/9/9a/SnakeHeadSSBU.png"" alt="""" height=""15"" /><img src=""https://ssb.wiki.gallery/images/thumb/3/3b/CloudHeadSSBU.png/32px-CloudHeadSSBU.png"" alt=""Cloud"" height=""15"" />",Super Smash Bros. Ultimate singles,Southeast - Singles,Yes,Unknown,USA,Duluth,34.0031,-84.1456,American Southeast , Southeast 
4th,"<a href=""https://www.ssbwiki.com/Smasher:Yez"">Yez</a>","<a href=""https://www.ssbwiki.com/Smasher:Yez"">https://www.ssbwiki.com/Smasher:Yez</a>",Yez,"Springfield, Missouri ",Ike,Unknown,Unknown,Unknown,Unknown,"<img src=""https://ssb.wiki.gallery/images/b/b2/IkeHeadSSBU.png"" alt="""" height=""15"" />",Super Smash Bros. Ultimate singles,Southeast - Singles,Yes,US Army Esports,USA,Springfield,37.195,-93.2861,American Southeast , Southeast 
5th,"<a href=""https://www.ssbwiki.com/Smasher:Wrath"">Wrath</a>","<a href=""https://www.ssbwiki.com/Smasher:Wrath"">https://www.ssbwiki.com/Smasher:Wrath</a>",Wrath,"Atlanta, Georgia",Sonic,Unknown,Unknown,Unknown,Unknown,"<img src=""https://ssb.wiki.gallery/images/7/76/SonicHeadSSBU.png"" alt="""" height=""15"" />",Super Smash Bros. Ultimate singles,Southeast - Singles,Yes,Unknown,USA,Atlanta,33.7485,-84.3915,American Southeast , Southeast 
5th,"<a href=""https://www.ssbwiki.com/Smasher:KirbyKid"">KirbyKid</a>","<a href=""https://www.ssbwiki.com/Smasher:KirbyKid"">https://www.ssbwiki.com/Smasher:KirbyKid</a>",KirbyKid,"Louisiana, USA",King K. Rool,Unknown,Unknown,Unknown,Unknown,"<img src=""https://ssb.wiki.gallery/images/d/de/KingKRoolHeadSSBU.png"" alt="""" height=""15"" />",Super Smash Bros. Ultimate singles,Southeast - Singles,Yes,RBG Esports,USA,Louisiana,30.39183,-92.329102,American Southeast , Southeast 
1st,"<a href=""https://www.ssbwiki.com/Smasher:Epic_Gabriel"">Epic_Gabriel</a>","<a href=""https://www.ssbwiki.com/Smasher:Epic_Gabriel"">https://www.ssbwiki.com/Smasher:Epic_Gabriel</a>",Epic_Gabriel,"Orlando, Florida",R.O.B,Unknown,Unknown,Unknown,Unknown,"<img src=""https://ssb.wiki.gallery/images/b/b3/ROBHeadSSBU.png"" alt="""" height=""15"" />",Super Smash Bros. Ultimate Last Chance Qualifier,Southeast - Last Chance,Yes,Unknown,USA,Orlando,28.5383,-81.3789,American Southeast , Southeast 
2nd,"<a href=""https://www.ssbwiki.com/Smasher:Rivers"">Rivers</a>","<a href=""https://www.ssbwiki.com/Smasher:Rivers"">https://www.ssbwiki.com/Smasher:Rivers</a>",Rivers,"Florida, USA",Diddy Kong,Chrom,Unknown,Unknown,Unknown,"<img src=""https://ssb.wiki.gallery/images/3/36/DiddyKongHeadSSBU.png"" alt="""" height=""15"" /><img src=""https://ssb.wiki.gallery/images/2/25/ChromHeadSSBU.png"" alt="""" height=""15"" />",Super Smash Bros. Ultimate Last Chance Qualifier,Southeast - Last Chance,Yes,Nevermore eSports,USA,Florida,27.994402,-81.760254,American Southeast , Southeast 
1st,"<a href=""https://www.ssbwiki.com/Smasher:Tweek"">Tweek</a>","<a href=""https://www.ssbwiki.com/Smasher:Tweek"">https://www.ssbwiki.com/Smasher:Tweek</a>",Tweek,"Burlington, New Jersey",Diddy Kong,Wolf,Unknown,Unknown,Unknown,"<img src=""https://ssb.wiki.gallery/images/3/36/DiddyKongHeadSSBU.png"" alt="""" height=""15"" /><img src=""https://ssb.wiki.gallery/images/e/e8/WolfHeadSSBU.png"" alt="""" height=""15"" />",Super Smash Bros. Ultimate singles,Northeast - Singles,Yes,TSM,USA,Burlington,40.0784,-74.8525,American Northeast , Northeast 
2nd,"<a href=""https://www.ssbwiki.com/Smasher:Syrup"">Syrup</a>","<a href=""https://www.ssbwiki.com/Smasher:Syrup"">https://www.ssbwiki.com/Smasher:Syrup</a>",Syrup,"New Jersey, USA",Ness,Unknown,Unknown,Unknown,Unknown,"<img src=""https://ssb.wiki.gallery/images/0/0f/NessHeadSSBU.png"" alt="""" height=""15"" />",Super Smash Bros. Ultimate singles,Northeast - Singles,Yes,Armada Esports,USA,New Jersey,39.833851,-74.871826,American Northeast , Northeast 
3rd,"<a href=""https://www.ssbwiki.com/Smasher:LeoN"">LeoN</a>","<a href=""https://www.ssbwiki.com/Smasher:LeoN"">https://www.ssbwiki.com/Smasher:LeoN</a>",LeoN,"New Jersey, USA",Bowser,Unknown,Unknown,Unknown,Unknown,"<img src=""https://ssb.wiki.gallery/images/b/b5/BowserHeadSSBU.png"" alt="""" height=""15"" />",Super Smash Bros. Ultimate singles,Northeast - Singles,Yes,Spacestation Gaming,USA,New Jersey,39.833851,-74.871826,American Northeast , Northeast 
4th,"<a href=""https://www.ssbwiki.com/Smasher:Armadillo"">Armadillo</a>","<a href=""https://www.ssbwiki.com/Smasher:Armadillo"">https://www.ssbwiki.com/Smasher:Armadillo</a>",Armadillo,"Quebec, Canada",Lucario,Mythra,Pyra,Unknown,Unknown,"<img src=""https://ssb.wiki.gallery/images/c/cd/LucarioHeadSSBU.png"" alt="""" height=""15"" /><img src=""https://ssb.wiki.gallery/images/3/32/MythraHeadSSBU.png"" alt="""" height=""15"" /><img src=""https://ssb.wiki.gallery/images/7/79/PyraHeadSSBU.png"" alt=""Pyra"" height=""15"" />",Super Smash Bros. Ultimate singles,Northeast - Singles,Yes,Unknown,Canada,Quebec,46.829853,-71.254028,American Northeast , Northeast 
5th,"<a href=""https://www.ssbwiki.com/Smasher:WaDi"">WaDi</a>","<a href=""https://www.ssbwiki.com/Smasher:WaDi"">https://www.ssbwiki.com/Smasher:WaDi</a>",WaDi,"Virginia, USA",R.O.B,Mewtwo,Wii Fit Trainer,Unknown,Unknown,"<img src=""https://ssb.wiki.gallery/images/b/b3/ROBHeadSSBU.png"" alt="""" height=""15"" /><img src=""https://ssb.wiki.gallery/images/9/96/MewtwoHeadSSBU.png"" alt="""" height=""15"" /><img src=""https://ssb.wiki.gallery/images/8/87/WiiFitTrainerHeadSSBU.png"" alt="""" height=""15"" />",Super Smash Bros. Ultimate singles,Northeast - Singles,Yes,Panda,USA,Virginia,37.926868,-78.024902,American Northeast , Northeast 
6th,"<a href=""https://www.ssbwiki.com/Smasher:Riddles"">Riddles</a>","<a href=""https://www.ssbwiki.com/Smasher:Riddles"">https://www.ssbwiki.com/Smasher:Riddles</a>",Riddles,"Toronto, Canada",Terry,Sephiroth,Unknown,Unknown,Unknown,"<img src=""https://ssb.wiki.gallery/images/f/f9/TerryHeadSSBU.png"" alt="""" height=""15"" /><img src=""https://ssb.wiki.gallery/images/5/5e/SephirothHeadSSBU.png"" alt="""" height=""15"" />",Super Smash Bros. Ultimate singles,Northeast - Singles,Yes,Even Matchup Gaming,Canada,Toronto,43.6519,-79.3817,American Northeast , Northeast 
1st,"<a href=""https://www.ssbwiki.com/Smasher:Dabuz"">Dabuz</a>","<a href=""https://www.ssbwiki.com/Smasher:Dabuz"">https://www.ssbwiki.com/Smasher:Dabuz</a>",Dabuz,"New Jersey, USA",Min Min,Olimar,Rosalina & Luma,Unknown,Unknown,"<img src=""https://ssb.wiki.gallery/images/d/de/MinMinHeadSSBU.png"" alt="""" height=""15"" /><img src=""https://ssb.wiki.gallery/images/9/91/OlimarHeadSSBU.png"" alt="""" height=""15"" /><img src=""https://ssb.wiki.gallery/images/e/e8/RosalinaHeadSSBU.png"" alt="""" height=""15"" />",Super Smash Bros. Ultimate Last Chance Qualifier,Northeast - Last Chance,Yes,Team Liquid,USA,New Jersey,39.833851,-74.871826,American Northeast , Northeast 
2nd,"<a href=""https://www.ssbwiki.com/Smasher:Sharp_(Rhode_Island)"">naitosharp</a>","<a href=""https://www.ssbwiki.com/Smasher:Sharp_(Rhode_Island)"">https://www.ssbwiki.com/Smasher:Sharp_(Rhode_Island)</a>",naitosharp,"Newport, Rhode Island",Joker,Wolf,Zero Suit Samus,Unknown,Unknown,"<img src=""https://ssb.wiki.gallery/images/2/25/JokerHeadSSBU.png"" alt="""" height=""15"" /><img src=""https://ssb.wiki.gallery/images/e/e8/WolfHeadSSBU.png"" alt="""" height=""15"" /><img src=""https://ssb.wiki.gallery/images/7/71/ZeroSuitSamusHeadSSBU.png"" alt="""" height=""15"" />",Super Smash Bros. Ultimate Last Chance Qualifier,Northeast - Last Chance,Yes,Unknown,USA,Newport,41.488,-71.3126,American Northeast , Northeast 
